# Time (s), acceleration Magnitude (m/sÂ²), Vz (m/s), Z (m)
0.000000,71.195356,0.000000,1471.465942
0.006956,71.205463,0.493410,1471.469374
0.013912,71.215503,0.986890,1471.476239
0.027823,71.235370,1.973987,1471.496835
0.041735,71.255033,2.961359,1471.531164
0.055647,71.274465,3.949001,1471.579232
0.194764,71.454555,13.839247,1472.816557
0.328923,71.604521,23.399058,1475.314515
0.331129,71.615340,23.556292,1475.366471
0.333335,71.617592,23.713532,1475.418774
0.337746,71.622115,24.028021,1475.524074
0.342157,71.626518,24.342532,1475.630762
0.346568,71.631050,24.657062,1475.738836
0.384872,71.669190,27.388956,1476.735603
0.423175,71.706104,30.122119,1477.837036
0.461479,71.742101,32.856267,1479.043179
0.499782,71.777120,35.591107,1480.354063
0.554926,71.826204,39.528884,1482.425265
0.610070,71.874208,43.466268,1484.713607
0.665214,71.921469,47.401893,1487.219029
0.720358,71.968449,51.334105,1489.941391
0.775502,72.016279,55.260954,1492.880453
0.830645,72.064512,59.180183,1496.035856
0.885789,72.113746,63.089235,1499.407114
0.940933,72.164400,66.985449,1502.993589
0.987577,72.206646,70.269133,1506.194690
1.034221,72.248683,73.540315,1509.548670
1.080865,72.288968,76.797940,1513.054917
1.127509,72.325851,80.041415,1516.712785
1.174153,72.357631,83.270806,1520.521612
1.205580,72.374883,85.439086,1523.172642
1.237007,72.388225,87.601806,1525.891726
1.268434,72.397141,89.759617,1528.678699
1.299861,72.400236,91.913317,1531.533418
1.331288,72.398048,94.063846,1534.455769
1.347576,72.394676,95.177534,1535.996949
1.363864,72.389456,96.290819,1537.556266
1.380152,72.382555,97.403860,1539.133713
1.396440,72.373482,98.516819,1540.729289
1.426564,72.352262,100.575494,1543.727987
1.456687,72.325435,102.635436,1546.788715
1.486811,72.293368,104.697582,1549.911528
1.516935,72.255097,106.762746,1553.096504
1.547058,72.212669,108.831569,1556.343744
1.566846,72.183022,110.192798,1558.510756
1.586634,72.152250,111.555924,1560.704723
1.606422,72.120189,112.921001,1562.925682
1.626210,72.086885,114.288034,1565.173673
1.645998,72.053244,115.656995,1567.448733
1.655113,72.037768,116.288226,1568.505829
1.664228,72.022324,116.919846,1569.568680
1.673343,72.006813,117.551847,1570.637290
1.682458,71.991418,118.184216,1571.711662
1.699892,71.962285,119.394693,1573.782615
1.717326,71.933283,120.606371,1575.874681
1.734760,71.904219,121.819122,1577.987882
1.752193,71.875953,123.032811,1580.122233
1.777806,71.835907,124.817259,1583.296236
1.803418,71.797691,126.602920,1586.515959
1.829030,71.761453,128.389252,1589.781427
1.854643,71.726306,130.175668,1593.092649
1.880255,71.693089,131.961552,1596.449620
1.905867,71.662259,133.746295,1599.852318
1.931480,71.633513,135.529284,1603.300707
1.957092,71.605715,137.309891,1606.794732
1.969983,71.592420,138.205022,1608.570623
1.982875,71.579387,139.099318,1610.358047
1.995766,71.566891,139.992708,1612.156994
2.008658,71.554686,140.885124,1613.967452
2.024154,71.540620,141.956508,1616.158999
2.039651,71.526899,143.026296,1618.367137
2.055147,71.513564,144.094398,1620.591840
2.070644,71.499526,145.160741,1622.833081
2.086141,71.485916,146.225260,1625.090833
2.092220,71.480342,146.642384,1625.981089
2.098300,71.474926,147.059219,1626.873880
2.104379,71.469325,147.475767,1627.769205
2.110459,71.463750,147.892027,1628.667061
2.125908,71.449494,148.948502,1630.960000
2.141357,71.434480,150.003145,1633.269247
2.156806,71.418547,151.055999,1635.594773
2.172255,71.401434,152.107134,1637.936551
2.193523,71.374857,153.551559,1641.186965
2.214791,71.345332,154.993198,1644.468068
2.236059,71.312206,156.432437,1647.779807
2.257328,71.275070,157.869722,1651.122134
2.278596,71.233705,159.305533,1654.495013
2.299864,71.187943,160.740375,1657.898418
2.321132,71.137881,162.174743,1661.332333
2.342401,71.082313,163.609100,1664.796754
2.354009,71.050604,164.392154,1666.700607
2.365618,71.017693,165.175390,1668.613552
2.377227,70.984044,165.958859,1670.535591
2.388836,70.949631,166.742609,1672.466726
2.400445,70.914617,167.526679,1674.406961
2.405840,70.898115,167.891221,1675.311851
2.411236,70.881630,168.255840,1676.218708
2.416631,70.864921,168.620540,1677.127533
2.422027,70.848182,168.985321,1678.038325
2.440252,70.791216,170.218098,1681.129371
2.458478,70.734092,171.451827,1684.242894
2.476703,70.676750,172.686462,1687.378910
2.494928,70.618779,173.921894,1690.537435
2.513154,70.561523,175.157969,1693.718482
2.525668,70.521910,176.007020,1695.915855
2.538183,70.482771,176.856207,1698.123854
2.550698,70.444308,177.705458,1700.342481
2.563213,70.406321,178.554690,1702.571736
2.575727,70.368881,179.403814,1704.811619
2.588242,70.332162,180.252740,1707.062127
2.600757,70.295985,181.101373,1709.323257
2.613272,70.260329,181.949617,1711.595006
2.625928,70.224924,182.806955,1713.903235
2.638584,70.189337,183.663691,1716.222311
2.651241,70.154291,184.519718,1718.552226
2.663897,70.119724,185.374940,1720.892970
2.676553,70.085730,186.229263,1723.244532
2.680030,70.076477,186.463796,1723.892453
2.683507,70.067305,186.698253,1724.541189
2.686984,70.058118,186.932632,1725.190740
2.690461,70.048984,187.166931,1725.841106
2.703887,70.013991,188.070871,1728.360048
2.717313,69.979478,188.973515,1730.891117
2.730738,69.945359,189.874791,1733.434297
2.744164,69.911556,190.774639,1735.989567
2.757590,69.877795,191.673013,1738.556908
2.773209,69.838480,192.716225,1741.558729
2.788827,69.798339,193.757390,1744.576827
2.804446,69.756881,194.796519,1747.611172
2.820065,69.714046,195.833659,1750.661730
2.835683,69.669901,196.868898,1753.728472
2.849918,69.628058,197.810877,1756.537615
2.864153,69.584423,198.751490,1759.360158
2.878388,69.538824,199.690865,1762.196082
2.892624,69.491186,200.629146,1765.045369
2.906859,69.441016,201.566482,1767.908006
2.916674,69.404693,202.212308,1769.889577
2.926489,69.367252,202.857804,1771.877484
2.940408,69.312344,203.772761,1774.707538
2.951958,69.265117,204.531586,1777.065338
2.963507,69.216510,205.290191,1779.431901
2.975056,69.166895,206.048645,1781.807224
2.986605,69.116208,206.807006,1784.191307
2.998154,69.064503,207.565325,1786.584147
3.012516,68.999199,208.508308,1789.571904
3.026878,68.933152,209.451341,1792.573204
3.041240,68.866060,210.394450,1795.588047
3.055601,68.798353,211.337628,1798.616436
3.069963,68.730801,212.280848,1801.658371
3.084325,68.663517,213.224059,1804.713852
3.098686,68.596483,214.167188,1807.782879
3.113048,68.530034,215.110138,1810.865450
3.127410,68.464246,216.052793,1813.961560
3.141771,68.399050,216.995025,1817.071206
3.156133,68.334413,217.936692,1820.194381
3.170495,68.269768,218.877636,1823.331074
3.187618,68.193654,219.998344,1827.088555
3.204741,68.118163,221.117530,1830.865214
3.218365,68.058797,222.006740,1833.883737
3.231989,68.000131,222.894708,1836.914365
3.245612,67.941645,223.781320,1839.957082
3.259236,67.883610,224.666472,1843.011868
3.272860,67.825869,225.550089,1846.078703
3.286484,67.770555,226.432124,1849.157565
3.300108,67.724861,227.312608,1852.248433
3.313731,67.679108,228.191593,1855.351287
3.327355,67.633125,229.069104,1858.466105
3.340979,67.587195,229.945160,1861.592869
3.354603,67.540778,230.819808,1864.731558
3.368227,67.493329,231.693129,1867.882155
3.383477,67.438579,232.669259,1871.423004
3.398727,67.381297,233.643995,1874.978728
3.413978,67.321772,234.617496,1878.549309
3.429228,67.260008,235.589932,1882.134727
3.444479,67.195927,236.561486,1885.734968
3.459729,67.129797,237.532331,1889.350020
3.474979,67.061865,238.502629,1892.979874
3.490230,66.992274,239.472515,1896.624521
3.505480,66.920785,240.442095,1900.283958
3.520730,66.848581,241.411447,1903.958178
3.535981,66.776110,242.380616,1907.647181
3.551231,66.703744,243.349610,1911.350962
3.566481,66.631736,244.318395,1915.069519
3.581732,66.560469,245.286904,1918.802849
3.596982,66.489948,246.255042,1922.550946
3.612233,66.419796,247.222681,1926.313804
3.627483,66.350697,248.189670,1930.091414
3.642733,66.282743,249.155850,1933.883765
3.657984,66.215870,250.121055,1937.690843
3.673234,66.150164,251.085120,1941.512633
3.688484,66.085420,252.047885,1945.349115
3.703735,66.021425,253.009202,1949.200269
3.718985,65.957759,253.968939,1953.066071
3.734235,65.894927,254.926989,1956.946497
3.746887,65.843028,255.720467,1960.176816
3.759539,65.791397,256.512711,1963.417165
3.772191,65.739677,257.303714,1966.667530
3.784843,65.687654,258.093492,1969.927896
3.797495,65.597471,258.881872,1973.198244
3.810147,65.505540,259.668653,1976.478557
3.822798,65.412058,260.453803,1979.768815
3.835450,65.317076,261.237437,1983.068996
3.848102,65.220330,262.019677,1986.379082
3.860754,65.121894,262.800597,1989.699056
3.873406,65.021592,263.580252,1993.028903
3.886058,64.919620,264.358715,1996.368606
3.898709,64.815498,265.136072,1999.718151
3.911361,64.709899,265.912399,2003.077525
3.924013,64.602947,266.687750,2006.446714
3.939481,64.470759,267.634391,2010.579035
3.954948,64.337373,268.579689,2014.725989
3.967828,64.225668,269.365843,2018.190350
3.980708,64.113224,270.151066,2021.664830
3.993588,64.000395,270.935334,2025.149418
4.006468,63.885685,271.718612,2028.644102
4.019348,63.771070,272.500838,2032.148867
4.032228,63.656568,273.281935,2035.663700
4.045108,63.542313,274.061827,2039.188585
4.057988,63.428355,274.840431,2042.723508
4.070868,63.314159,275.617651,2046.268450
4.083748,63.200316,276.393386,2049.823393
4.096628,63.086672,277.167546,2053.388318
4.109508,62.973282,277.940048,2056.963203
4.122388,62.860027,278.710818,2060.548027
4.135268,62.746747,279.479792,2064.142767
4.148148,62.633199,280.246916,2067.747400
4.161028,62.519096,281.012153,2071.361900
4.173908,62.404543,281.775484,2074.986245
4.186788,62.289364,282.536904,2078.620409
4.199668,62.173369,283.296428,2082.264368
4.212548,62.056295,284.054085,2085.918098
4.225427,61.938005,284.809917,2089.581574
4.238307,61.817949,285.563976,2093.254774
4.251187,61.696289,286.316320,2096.937675
4.264067,61.572994,287.067015,2100.630256
4.276947,61.448098,287.816127,2104.332495
4.289827,61.321678,288.563728,2108.044373
4.302707,61.193621,289.309883,2111.765871
4.315587,61.077728,290.054719,2115.496970
4.328467,60.966413,290.798395,2119.237655
4.341347,60.854272,291.541008,2122.987912
4.354227,60.741621,292.282568,2126.747727
4.367107,60.602396,293.022911,2130.517086
4.379987,60.439647,293.761725,2134.295970
4.392867,60.276506,294.498783,2138.084360
4.405747,60.113157,295.234028,2141.882232
4.418627,59.930111,295.967359,2145.689561
4.431507,59.704511,296.698375,2149.506320
4.441880,59.516889,297.285085,2152.587060
4.443426,59.485492,297.372334,2153.046578
4.444971,59.454077,297.459536,2153.506231
4.446517,59.422705,297.546691,2153.966019
4.448062,59.391298,297.633799,2154.425941
4.449608,59.359903,297.720860,2154.885998
4.452698,59.297095,297.894840,2155.806516
4.455789,59.234327,298.068631,2156.727571
4.458880,59.171547,298.242232,2157.649163
4.461971,59.108775,298.415642,2158.571291
4.466820,59.010277,298.687260,2160.018794
4.471668,58.907861,298.958391,2161.467612
4.476517,58.800080,299.229013,2162.917743
4.481365,58.692297,299.499109,2164.369185
4.486214,58.584516,299.768671,2165.821936
4.492949,58.434745,300.142254,2167.842253
4.499684,58.284955,300.514800,2169.865082
4.506420,58.135120,300.886303,2171.890417
4.513155,57.985254,301.256757,2173.918251
4.519890,57.835290,301.626153,2175.948577
4.529332,57.624950,302.142153,2178.798688
4.538773,57.414411,302.656058,2181.653661
4.548214,57.203610,303.167863,2184.513475
4.557655,56.992485,303.677569,2187.378112
4.567096,56.780947,304.185176,2190.247551
4.576537,56.568992,304.690691,2193.121773
4.588195,56.306563,305.312058,2196.677614
4.599854,56.043308,305.930271,2200.240681
4.611512,55.779090,306.545359,2203.810937
4.623171,55.513891,307.157355,2207.388345
4.634829,55.247723,307.766293,2210.972871
4.646487,54.980544,308.372210,2214.564479
4.658146,54.712427,308.975139,2218.163133
4.669804,54.443430,309.575113,2221.768799
4.681463,54.173655,310.172161,2225.381443
4.693121,53.903223,310.766307,2229.001031
4.704780,53.632230,311.357567,2232.627528
4.716438,53.360837,311.945953,2236.260902
4.728096,53.089213,312.531468,2239.901119
4.739755,52.817402,313.114110,2243.548145
4.751413,52.545610,313.693868,2247.201947
4.763072,52.273871,314.270726,2250.862491
4.774730,52.002347,314.844662,2254.529744
4.786389,51.731091,315.415648,2258.203671
4.798047,51.460170,315.983655,2261.884237
4.809706,51.189604,316.548650,2265.571407
4.821364,50.919463,317.110599,2269.265147
4.833022,50.649730,317.669469,2272.965421
4.844681,50.380402,318.225227,2276.672191
4.856339,50.111444,318.777847,2280.385423
4.867998,49.842806,319.327306,2284.105079
4.879656,49.574406,319.873586,2287.831123
4.891315,49.306226,320.416676,2291.563516
4.902973,49.038128,320.956569,2295.302223
4.914631,48.770085,321.493266,2299.047205
4.926290,48.501955,322.026774,2302.798426
4.937948,48.233709,322.557106,2306.555848
4.949607,47.965220,323.084278,2310.319434
4.961265,47.696453,323.608312,2314.089148
4.972924,47.427385,324.129233,2317.864954
4.984582,47.157963,324.647068,2321.646814
4.996240,46.888205,325.161846,2325.434694
5.007899,46.618117,325.673594,2329.228557
5.019557,46.347778,326.182338,2333.028369
5.031216,46.077235,326.688103,2336.834095
5.042874,45.806570,327.190910,2340.645701
5.054533,45.535845,327.690776,2344.463150
5.066191,45.265190,328.187713,2348.286411
5.077849,44.994752,328.681727,2352.115448
5.089508,44.724670,329.172820,2355.950227
5.101166,44.455113,329.660990,2359.790715
5.112825,44.186180,330.146230,2363.636877
5.124483,43.917828,330.628530,2367.488679
5.136142,43.650133,331.107876,2371.346086
5.147800,43.383124,331.584252,2375.209065
5.159459,43.116081,332.057636,2379.077580
5.171117,42.849796,332.528008,2382.951597
5.182775,42.584266,332.995349,2386.831079
5.194434,42.319457,333.459645,2390.715993
5.195587,42.293309,333.505407,2391.100583
5.196740,42.267165,333.551140,2391.485226
5.197894,42.241023,333.596842,2391.869922
5.199047,42.214887,333.642515,2392.254670
5.199987,42.193597,333.679713,2392.568255
5.200054,40.700929,333.678816,2392.590833
5.200147,40.699216,333.675128,2392.621841
5.200240,40.697503,333.671441,2392.652850
5.200333,40.695790,333.667753,2392.683858
5.201262,40.678670,333.630889,2392.993922
5.202192,40.661565,333.594039,2393.303951
5.203121,40.644473,333.557205,2393.613947
5.204050,40.627396,333.520385,2393.923908
5.211610,40.489002,333.221434,2396.444019
5.219169,40.351521,332.923468,2398.961874
5.226729,40.214928,332.626479,2401.477481
5.234288,40.079199,332.330461,2403.990846
5.241848,39.944310,332.035406,2406.501977
5.254379,39.722481,331.548394,2410.659857
5.266911,39.502778,331.063992,2414.811651
5.279443,39.285095,330.582182,2418.957391
5.291974,39.069338,330.102948,2423.097109
5.304506,38.855428,329.626280,2427.230838
5.317037,38.643303,329.152165,2431.358609
5.332242,38.388265,328.580328,2436.358959
5.347447,38.135757,328.012221,2441.350642
5.362652,37.885781,327.447826,2446.333716
5.377857,37.638372,326.887122,2451.308236
5.393062,37.393588,326.330083,2456.274259
5.408266,37.151501,325.776676,2461.231840
5.423471,36.912186,325.226864,2466.181034
5.438676,36.675704,324.680602,2471.121895
5.453881,36.442110,324.137842,2476.054476
5.469086,36.211433,323.598528,2480.978832
5.484290,35.983681,323.062606,2485.895013
5.499495,35.758838,322.530017,2490.803071
5.514700,35.536863,322.000703,2495.703056
5.529905,35.317695,321.474608,2500.595018
5.545110,35.101247,320.951680,2505.479004
5.560315,34.887422,320.431869,2510.355063
5.575519,34.676104,319.915132,2515.223242
5.590724,34.467176,319.401429,2520.083588
5.605929,34.260517,318.890726,2524.936145
5.621134,34.056008,318.382996,2529.780960
5.636339,33.853550,317.878214,2534.618077
5.651429,33.654553,317.380135,2539.411124
5.666519,33.457422,316.884922,2544.196677
5.681609,33.262106,316.392558,2548.974779
5.696699,33.065626,315.903038,2553.745472
5.711789,32.869770,315.416374,2558.508800
5.726879,32.675782,314.932546,2563.264806
5.741446,32.490276,314.468175,2567.848912
5.756012,32.306461,314.006412,2572.426273
5.770579,32.124362,313.547243,2576.996926
5.785146,31.944019,313.090640,2581.560909
5.799712,31.765411,312.636588,2586.118260
5.814279,31.588638,312.185055,2590.669016
5.828845,31.413652,311.736018,2595.213212
5.843412,31.240553,311.289447,2599.750885
5.857979,31.069301,310.845310,2604.282071
5.866973,30.964495,310.572269,2607.076758
5.875968,30.860405,310.300135,2609.868993
5.884962,30.757019,310.028904,2612.658785
5.893957,30.654343,309.758567,2615.446140
5.902951,30.552357,309.489116,2618.231069
5.911946,30.451064,309.220546,2621.013577
5.920999,30.349796,308.951115,2623.811682
5.930052,30.249204,308.682561,2626.607351
5.939104,30.149272,308.414877,2629.400593
5.948157,30.049988,308.148057,2632.191416
5.957210,29.951338,307.882093,2634.979827
5.966662,29.848999,307.605311,2637.888614
5.976114,29.747320,307.329450,2640.794790
5.985566,29.646285,307.054505,2643.698362
5.995018,29.545877,306.780469,2646.599340
6.004470,29.446083,306.507337,2649.497732
6.018096,29.303268,306.115165,2653.671583
6.031722,29.161660,305.724847,2657.840104
6.045349,29.021221,305.336371,2662.003319
6.058975,28.881926,304.949725,2666.161252
6.072601,28.743750,304.564897,2670.313930
6.086227,28.606676,304.181876,2674.461376
6.102716,28.442259,303.720786,2679.473205
6.119205,28.279428,303.262307,2684.477453
6.135694,28.118185,302.806417,2689.474163
6.152183,27.958542,302.353094,2694.463377
6.168672,27.800520,301.902314,2699.445137
6.185161,27.644141,301.454052,2704.419485
6.201650,27.489428,301.008280,2709.386462
6.218139,27.336398,300.564969,2714.346110
6.234627,27.185060,300.124090,2719.298467
6.252898,27.019338,299.638363,2724.777601
6.271170,26.855673,299.155542,2730.247887
6.289441,26.694030,298.675584,2735.709378
6.307712,26.534349,298.198450,2741.162125
6.325983,26.376578,297.724101,2746.606180
6.344254,26.220628,297.252502,2752.041593
6.362525,26.066462,296.783621,2757.468414
6.374954,25.962554,296.466189,2761.155251
6.387383,25.859415,296.149993,2764.838151
6.399813,25.757027,295.835022,2768.517127
6.412242,25.655362,295.521269,2772.192197
6.424671,25.557940,295.208711,2775.863374
6.437100,25.467002,294.897279,2779.530674
6.449530,25.376643,294.586920,2783.194109
6.461959,25.286845,294.277647,2786.853694
6.474388,25.197611,293.969448,2790.509441
6.487931,25.101018,293.634860,2794.488255
6.501473,25.005084,293.301534,2798.462546
6.515016,24.909815,292.969462,2802.432332
6.528558,24.815208,292.638635,2806.397630
6.542101,24.721277,292.309047,2810.358455
6.555643,24.628019,291.980687,2814.314825
6.572377,24.542246,291.576475,2819.197383
6.589111,24.458189,291.173535,2824.073188
6.605845,24.374795,290.772009,2828.942262
6.622578,24.292063,290.371822,2833.804628
6.639312,24.209998,289.972972,2838.660308
6.656046,24.128607,289.575447,2843.509326
6.672944,24.047084,289.175352,2848.399184
6.689842,23.966229,288.776581,2853.282294
6.706740,23.898752,288.379049,2858.158675
6.723638,23.841706,287.982505,2863.028348
6.740536,23.784988,287.586871,2867.891328
6.757434,23.728571,287.192172,2872.747630
6.773974,23.673632,286.806717,2877.494583
6.790514,23.618939,286.422135,2882.235167
6.807054,23.564491,286.038423,2886.969398
6.823594,23.510264,285.655577,2891.697289
6.840134,23.456253,285.273598,2896.418855
6.856674,23.394889,284.892522,2901.134110
6.873214,23.332935,284.512463,2905.843071
6.889753,23.271295,284.133383,2910.545754
6.906293,23.209952,283.755292,2915.242175
6.922833,23.148937,283.378185,2919.932351
6.939373,23.088242,283.002056,2924.616297
6.955913,23.027885,282.626903,2929.294030
6.972453,22.967882,282.252717,2933.965567
6.988993,22.908227,281.879494,2938.630922
7.005533,22.848955,281.507228,2943.290112
7.022073,22.790042,281.135911,2947.943153
7.038613,22.731521,280.765537,2952.590060
7.055153,22.673369,280.396098,2957.230848
7.072335,22.613360,280.013292,2962.045444
7.089518,22.553757,279.631480,2966.853470
7.106700,22.494531,279.250655,2971.654944
7.123883,22.435705,278.870809,2976.449884
7.141065,22.377224,278.491936,2981.238305
7.158247,22.319116,278.114030,2986.020224
7.175430,22.261335,277.737082,2990.795658
7.192612,22.203882,277.361092,2995.564624
7.209795,22.146754,276.986050,3000.327137
7.226977,22.089909,276.611955,3005.083215
7.244160,22.033389,276.238800,3009.832872
7.261342,21.977129,275.866583,3014.576126
7.278524,21.921183,275.495300,3019.312993
7.295707,21.865509,275.124944,3024.043488
7.312889,21.810125,274.755516,3028.767627
7.329704,21.756224,274.394880,3033.384569
7.346519,21.702579,274.035124,3037.995454
7.363334,21.649259,273.676241,3042.600298
7.380149,21.596196,273.318226,3047.199114
7.396964,21.543466,272.961076,3051.791917
7.413778,21.491022,272.604783,3056.378722
7.427411,21.448731,272.316552,3060.093029
7.441043,21.406656,272.028876,3063.803411
7.454676,21.364769,271.741757,3067.509874
7.468308,21.323107,271.455189,3071.212428
7.481941,21.281629,271.169170,3074.911078
7.495573,21.240370,270.883698,3078.605833
7.505355,21.210879,270.679184,3081.254701
7.515138,21.181494,270.474950,3083.901570
7.524920,21.152209,270.270993,3086.546442
7.534702,21.123024,270.067313,3089.189320
7.544485,21.093938,269.863908,3091.830208
7.559743,21.048762,269.547188,3095.945457
7.575001,21.003818,269.231132,3100.055879
7.590260,20.959097,268.915738,3104.161484
7.605518,20.914727,268.601000,3108.262281
7.620776,20.870993,268.286917,3112.358281
7.636035,20.827458,267.973484,3116.449493
7.651293,20.784150,267.660700,3120.535928
7.666551,20.741083,267.348560,3124.617595
7.681809,20.698277,267.037059,3128.694505
7.692996,20.667044,266.809091,3131.680399
7.704182,20.635960,266.581463,3134.663746
7.715369,20.605013,266.354172,3137.644547
7.726555,20.574209,266.127216,3140.622809
7.737741,20.543544,265.900594,3143.598533
7.752117,20.504341,265.609838,3147.419059
7.766493,20.465363,265.319625,3151.235408
7.780870,20.426604,265.029951,3155.047590
7.795246,20.388056,264.740813,3158.855611
7.809622,20.349708,264.452208,3162.659479
7.823998,20.311553,264.164133,3166.459202
7.842498,20.262714,263.794195,3171.342810
7.860998,20.214150,263.425125,3176.219582
7.879498,20.165835,263.056918,3181.089534
7.897998,20.117752,262.689570,3185.952682
7.916498,20.069883,262.323079,3190.809043
7.934998,20.022219,261.957442,3195.658631
7.953498,19.974754,261.592657,3200.501463
7.971998,19.927486,261.228722,3205.337554
7.990498,19.880422,260.865634,3210.166920
8.008998,19.833569,260.503391,3214.989577
8.027498,19.786938,260.141991,3219.805540
8.045998,19.740542,259.781428,3224.614825
8.067024,19.688112,259.372635,3230.072852
8.088051,19.636027,258.964913,3235.522294
8.109078,19.584295,258.558254,3240.963175
8.130104,19.532939,258.152651,3246.395516
8.151131,19.481961,257.748093,3251.819340
8.172157,19.431364,257.344574,3257.234668
8.193184,19.381165,256.942081,3262.641522
8.214211,19.331319,256.540608,3268.039924
8.235237,19.281875,256.140145,3273.429895
8.256264,19.232744,255.740681,3278.811456
8.267212,19.207307,255.533078,3281.610296
8.278161,19.181957,255.325741,3284.406865
8.289109,19.156688,255.118673,3287.201165
8.300058,19.131508,254.911870,3289.993200
8.311006,19.106400,254.705334,3292.782972
8.321955,19.081375,254.499062,3295.570484
8.332903,19.056420,254.293055,3298.355740
8.343852,19.031540,254.087311,3301.138741
8.354800,19.006728,253.881830,3303.919491
8.366416,18.980478,253.664109,3306.867313
8.378032,18.954303,253.446682,3309.812608
8.389648,18.928202,253.229549,3312.755379
8.401264,18.902173,253.012710,3315.695630
8.412880,18.876217,252.796163,3318.633363
8.429345,18.839549,252.489719,3322.793148
8.445810,18.803027,252.183859,3326.947892
8.462276,18.766655,251.878583,3331.097605
8.478741,18.730434,251.573887,3335.242297
8.495206,18.694371,251.269770,3339.381976
8.511671,18.662618,250.966207,3343.516653
8.531249,18.634306,250.605835,3348.426527
8.550827,18.606094,250.245970,3353.329351
8.570405,18.577994,249.886665,3358.225135
8.589983,18.550010,249.527893,3363.113890
8.609561,18.522149,249.169655,3367.995626
8.629138,18.494414,248.811948,3372.870353
8.648716,18.466806,248.454771,3377.738083
8.668294,18.439323,248.098118,3382.598825
8.687872,18.411962,247.741988,3387.452589
8.707450,18.384718,247.386378,3392.299386
8.727028,18.357585,247.031286,3397.139227
8.746606,18.330554,246.676708,3401.972120
8.766184,18.303619,246.322643,3406.798077
8.785762,18.276771,245.969090,3411.617106
8.805340,18.250003,245.616046,3416.429219
8.824918,18.223310,245.263511,3421.234425
8.844496,18.196685,244.911483,3426.032734
8.864074,18.170126,244.559962,3430.824156
8.883652,18.143631,244.208947,3435.608700
8.903230,18.117200,243.858436,3440.386378
8.922808,18.090835,243.508430,3445.157198
8.942386,18.064538,243.158928,3449.921171
8.961964,18.038314,242.809927,3454.678306
8.981541,18.012165,242.461427,3459.428613
9.000903,17.986387,242.117273,3464.119686
9.020264,17.960693,241.773606,3468.804100
9.039626,17.935089,241.430424,3473.481865
9.058987,17.909577,241.087725,3478.152990
9.078349,17.884162,240.745508,3482.817484
9.097710,17.858846,240.403771,3487.475357
9.117072,17.833629,240.062511,3492.126619
9.136433,17.808513,239.721726,3496.771277
9.155795,17.783496,239.381414,3501.409343
9.175755,17.757807,239.031059,3506.184103
9.195716,17.732218,238.681202,3510.951875
9.215677,17.706726,238.331842,3515.712668
9.235638,17.681326,237.982975,3520.466493
9.255599,17.656015,237.634601,3525.213359
9.275560,17.630787,237.286717,3529.953277
9.295521,17.605639,236.939322,3534.686255
9.315481,17.580567,236.592415,3539.412303
9.335442,17.555568,236.245994,3544.131432
9.355403,17.530640,235.900058,3548.843651
9.375364,17.505782,235.554606,3553.548969
9.395325,17.480993,235.209637,3558.247397
9.418338,17.452500,234.812517,3563.655716
9.441351,17.424101,234.416036,3569.054902
9.464364,17.395797,234.020191,3574.444972
9.487377,17.367593,233.624981,3579.825940
9.510390,17.339493,233.230403,3585.197820
9.533403,17.311505,232.836456,3590.560627
9.556416,17.283624,232.443136,3595.914375
9.579429,17.255866,232.050440,3601.259078
9.602442,17.228219,231.658367,3606.594752
9.625455,17.200694,231.266913,3611.921410
9.648468,17.173291,230.876074,3617.239067
9.671481,17.145993,230.485850,3622.547736
9.694494,17.118838,230.096235,3627.847433
9.706785,17.104360,229.888394,3630.674291
9.719077,17.089932,229.680726,3633.498597
9.731368,17.075527,229.473230,3636.320351
9.743659,17.061157,229.265906,3639.139555
9.755950,17.046816,229.058754,3641.956213
9.768241,17.032505,228.851773,3644.770325
9.780532,17.018223,228.644963,3647.581895
9.792823,17.003969,228.438325,3650.390923
9.805114,16.989743,228.231856,3653.197413
9.819260,16.973404,227.994436,3656.424331
9.833407,16.957101,227.757242,3659.647891
9.847553,16.940832,227.520271,3662.868097
9.861699,16.924597,227.283525,3666.084953
9.875845,16.908397,227.047002,3669.298462
9.889991,16.892230,226.810702,3672.508626
9.909420,16.870080,226.486521,3676.912149
9.928849,16.847992,226.162758,3681.309377
9.948278,16.825969,225.839413,3685.700319
9.967706,16.804008,225.516485,3690.084982
9.987135,16.782112,225.193972,3694.463376
10.006564,16.760281,224.871874,3698.835508
10.027245,16.737313,224.529473,3703.482480
10.047926,16.716068,224.187513,3708.122377
10.068606,16.694876,223.845945,3712.755205
10.089287,16.673576,223.504792,3717.380974
10.109968,16.652184,223.164052,3721.999692
10.130649,16.630553,222.823728,3726.611367
10.151329,16.608699,222.483838,3731.216009
10.172010,16.586629,222.144382,3735.813626
10.192691,16.564274,221.805377,3740.404227
10.213371,16.541781,221.466826,3744.987822
10.234052,16.519048,221.128739,3749.564421
10.254733,16.496260,220.791123,3754.134032
10.268199,16.481360,220.571539,3757.105740
10.281665,16.466462,220.352160,3760.074493
10.295131,16.451578,220.132981,3763.040293
10.308597,16.436713,219.914005,3766.003143
10.322063,16.421844,219.695230,3768.963046
10.335529,16.406925,219.476656,3771.920003
10.348995,16.392088,219.258284,3774.874019
10.362461,16.377333,219.040111,3777.825096
10.375927,16.362680,218.822136,3780.773236
10.390461,16.346985,218.587108,3783.951698
10.404994,16.331425,218.352305,3787.126745
10.419527,16.316004,218.117723,3790.298382
10.434060,16.300726,217.883361,3793.466612
10.448593,16.285592,217.649215,3796.631437
10.463126,16.270599,217.415282,3799.792861
10.485447,16.247836,217.056402,3804.641720
10.507768,16.225368,216.698006,3809.482573
10.530088,16.203157,216.340085,3814.315433
10.552409,16.178104,215.982656,3819.140309
10.574730,16.152401,215.625775,3823.957212
10.597051,16.126840,215.269432,3828.766156
10.618854,16.101955,214.921865,3833.456004
10.640658,16.077106,214.574813,3838.138279
10.662461,16.052250,214.228276,3842.812993
10.684265,16.027358,213.882256,3847.480156
10.706068,16.002404,213.536758,3852.139781
10.727872,15.977376,213.191784,3856.791879
10.749675,15.952274,212.847340,3861.436460
10.771479,15.927214,212.503429,3866.073538
10.793282,15.902150,212.160052,3870.703122
10.815086,15.877063,211.817212,3875.325226
10.836890,15.851985,211.474909,3879.939861
10.858693,15.826952,211.133146,3884.547037
10.880497,15.802000,210.791921,3889.146768
10.902300,15.777167,210.451232,3893.739065
10.924104,15.752484,210.111075,3898.323940
10.945907,15.727982,209.771447,3902.901404
10.967711,15.703684,209.432342,3907.471468
10.989514,15.679662,209.093753,3912.034144
11.011318,15.655949,208.755672,3916.589444
11.033122,15.632467,208.418092,3921.137377
11.054925,15.609216,208.081006,3925.677956
11.076729,15.586182,207.744407,3930.211190
11.098532,15.563353,207.408290,3934.737090
11.120336,15.540705,207.072649,3939.255667
11.142139,15.518216,206.737479,3943.766931
11.163943,15.495860,206.402777,3948.270892
11.185746,15.473610,206.068541,3952.767561
11.207550,15.451441,205.734767,3957.256947
11.229353,15.429437,205.401455,3961.739061
11.251157,15.407473,205.068602,3966.213912
11.272961,15.385524,204.736209,3970.681511
11.294764,15.363577,204.404278,3975.141868
11.316568,15.341625,204.072808,3979.594992
11.338371,15.319664,203.741803,3984.040894
11.360175,15.297698,203.411262,3988.479584
11.381978,15.275733,203.081188,3992.911073
11.403782,15.253780,202.751581,3997.335369
11.425585,15.231853,202.422442,4001.752484
11.447389,15.210004,202.093771,4006.162428
11.469193,15.188285,201.765566,4010.565211
11.490996,15.166644,201.437824,4014.960843
11.512800,15.145101,201.110544,4019.349333
11.534603,15.123670,200.783723,4023.730693
11.556407,15.102369,200.457359,4028.104932
11.578210,15.081206,200.131447,4032.472061
11.601408,15.058855,199.785193,4037.110580
11.624605,15.036678,199.439443,4041.741073
11.647803,15.014678,199.094190,4046.363552
11.671000,14.992852,198.749431,4050.978027
11.694197,14.971271,198.405160,4055.584511
11.717395,14.949867,198.061371,4060.183014
11.740592,14.928606,197.718059,4064.773547
11.763790,14.907475,197.375221,4069.356122
11.786987,14.886457,197.032854,4073.930750
11.810301,14.865431,196.689236,4078.520400
11.833616,14.844486,196.346090,4083.102046
11.856930,14.823607,196.003413,4087.675696
11.880244,14.802781,195.661205,4092.241363
11.903558,14.781997,195.319465,4096.799057
11.926872,14.761294,194.978193,4101.348789
11.950186,14.740658,194.637387,4105.890570
11.973501,14.720048,194.297048,4110.424411
11.996815,14.699467,193.957176,4114.950323
12.020710,14.678407,193.609319,4119.580786
12.044605,14.657388,193.261953,4124.202942
12.068500,14.636420,192.915076,4128.816805
12.092395,14.615515,192.568687,4133.422384
12.116290,14.594683,192.222786,4138.019693
12.140185,14.573937,191.877370,4142.608742
12.164080,14.553315,191.532437,4147.189542
12.187975,14.532853,191.187984,4151.762107
12.211870,14.512509,190.844006,4156.326446
12.235765,14.492288,190.500502,4160.882572
12.259660,14.472195,190.157466,4165.430495
12.283556,14.452233,189.814896,4169.970227
12.307451,14.432402,189.472789,4174.501779
12.331346,14.412700,189.131139,4179.025161
12.355241,14.393122,188.789945,4183.540386
12.379136,14.373663,188.449203,4188.047463
12.403031,14.354315,188.108909,4192.546403
12.426926,14.335137,187.769061,4197.037217
12.450821,14.316052,187.429655,4201.519915
12.474716,14.297049,187.090689,4205.994509
12.498611,14.278120,186.752160,4210.461009
12.522506,14.259256,186.414069,4214.919424
12.546401,14.240451,186.076413,4219.369766
12.570296,14.221697,185.739192,4223.812045
12.594191,14.202992,185.402405,4228.246271
12.618087,14.184332,185.066050,4232.672455
12.641982,14.165715,184.730128,4237.090607
12.665877,14.147177,184.394638,4241.500737
12.689772,14.128708,184.059577,4245.902855
12.713667,14.110289,183.724946,4250.296972
12.737562,14.091923,183.390743,4254.683099
12.761457,14.073616,183.056967,4259.061245
12.785352,14.055373,182.723616,4263.431420
12.809247,14.037201,182.390690,4267.793635
12.833142,14.019105,182.058187,4272.147899
12.857037,14.001092,181.726104,4276.494224
12.882045,13.982332,181.379008,4281.034413
12.907052,13.963688,181.032369,4285.565927
12.932060,13.945308,180.686180,4290.088779
12.957068,13.927031,180.340437,4294.602979
12.982075,13.908859,179.995138,4299.108538
13.007083,13.890790,179.650279,4303.605468
13.032090,13.872822,179.305858,4308.093779
13.057098,13.854954,178.961872,4312.573482
13.082105,13.837180,178.618318,4317.044589
13.107309,13.819359,178.272504,4321.542083
13.132513,13.801624,177.927125,4326.030866
13.157717,13.783970,177.582179,4330.510950
13.182920,13.766436,177.237662,4334.982346
13.208124,13.749470,176.893566,4339.445064
13.233328,13.733236,176.549865,4343.899114
13.258532,13.716984,176.206544,4348.344507
13.283735,13.700658,175.863612,4352.781252
13.308939,13.684236,175.521068,4357.209358
13.327636,13.671939,175.267214,4360.488696
13.346333,13.659562,175.013580,4363.763289
13.365030,13.647083,174.760169,4367.033143
13.383727,13.634508,174.506985,4370.298260
13.402424,13.621835,174.254029,4373.558646
13.421121,13.609071,174.001306,4376.814305
13.439818,13.596256,173.748816,4380.065240
13.458515,13.583364,173.496563,4383.311458
13.477212,13.570414,173.244547,4386.552960
13.500153,13.554462,172.935655,4390.523815
13.523094,13.538475,172.627127,4394.487587
13.546035,13.522484,172.318962,4398.444285
13.568976,13.506524,172.011162,4402.393918
13.591917,13.490630,171.703726,4406.336494
13.614858,13.474833,171.396651,4410.272022
13.641845,13.456414,171.035876,4414.892649
13.668832,13.438209,170.675589,4419.503546
13.695819,13.420282,170.315784,4424.104727
13.722806,13.402640,169.956451,4428.696204
13.749793,13.385280,169.597580,4433.277991
13.776780,13.368203,169.239161,4437.850098
13.803172,13.351767,168.889077,4442.311996
13.829564,13.335577,168.539408,4446.764661
13.855956,13.319607,168.190146,4451.208103
13.882347,13.303830,167.841285,4455.642332
13.908739,13.288211,167.492819,4460.067359
13.935131,13.272714,167.144744,4464.483195
13.961523,13.257330,166.797057,4468.889850
13.987914,13.242005,166.449755,4473.287334
14.014306,13.226695,166.102838,4477.675657
14.040883,13.211261,165.753880,4482.085487
14.067460,13.195786,165.405315,4486.486049
14.094036,13.180251,165.057146,4490.877352
14.120613,13.164643,164.709376,4495.259408
14.147190,13.148956,164.362008,4499.632226
14.173766,13.133190,164.015047,4503.995817
14.200343,13.117354,163.668494,4508.350193
14.226920,13.101481,163.322354,4512.695364
14.253497,13.085583,162.976627,4517.031342
14.280642,13.069324,162.623928,4521.450670
14.307788,13.053073,162.271662,4525.860430
14.334934,13.036856,161.919831,4530.260634
14.362079,13.020702,161.568433,4534.651293
14.389225,13.004636,161.217466,4539.032418
14.416371,12.988684,160.866927,4543.404022
14.443517,12.972867,160.516812,4547.766117
14.470662,12.957201,160.167116,4552.118713
14.497808,12.941901,159.817833,4556.461821
14.525703,12.926476,159.459327,4560.914947
14.553598,12.911233,159.101237,4565.358078
14.581493,12.896169,158.743558,4569.791225
14.609388,12.881277,158.386285,4574.214401
14.637283,12.866546,158.029411,4578.627616
14.665178,12.851960,157.672931,4583.030882
14.693073,12.837500,157.316842,4587.424209
14.720968,12.823147,156.961140,4591.807609
14.748863,12.808878,156.605821,4596.181091
14.776849,12.794695,156.249733,4600.558805
14.804835,12.780572,155.894025,4604.926558
14.832820,12.766472,155.538698,4609.284363
14.860806,12.752379,155.183750,4613.632228
14.888791,12.738280,154.829183,4617.970165
14.916777,12.724163,154.474999,4622.298185
14.944762,12.710025,154.121197,4626.616299
14.972748,12.695861,153.767780,4630.924516
15.000733,12.681674,153.414749,4635.222848
15.029791,12.666924,153.048605,4639.675369
15.058848,12.652195,152.682881,4644.117257
15.087906,12.637469,152.317574,4648.548525
15.116963,12.622758,151.952687,4652.969183
15.146020,12.608078,151.588218,4657.379245
15.175078,12.593444,151.224167,4661.778722
15.204135,12.578872,150.860533,4666.167627
15.233193,12.564380,150.497312,4670.545972
15.262250,12.549979,150.134504,4674.913768
15.291725,12.535479,149.766898,4679.333574
15.321200,12.521104,149.399708,4683.742551
15.350676,12.506878,149.032931,4688.140711
15.380151,12.492779,148.666560,4692.528066
15.409626,12.478810,148.300593,4696.904629
15.439101,12.464967,147.935025,4701.270410
15.468576,12.451246,147.569851,4705.625423
15.498051,12.437639,147.205068,4709.969677
15.527526,12.424138,146.840672,4714.303185
15.556911,12.410772,146.477767,4718.612816
15.586297,12.397488,146.115242,4722.911788
15.615682,12.384292,145.753092,4727.200113
15.645067,12.371165,145.391317,4731.477801
15.674453,12.358085,145.029914,4735.744864
15.703838,12.345040,144.668883,4740.001312
15.733223,12.332021,144.308223,4744.247157
15.762609,12.319022,143.947933,4748.482409
15.791994,12.306035,143.588014,4752.707080
15.822422,12.292598,143.215716,4757.070490
15.852850,12.279170,142.843816,4761.422578
15.883278,12.265751,142.472314,4765.763356
15.913705,12.252370,142.101209,4770.092836
15.944133,12.239008,141.730501,4774.411030
15.974561,12.225668,141.360190,4778.717951
16.004989,12.212359,140.990275,4783.013609
16.035417,12.199087,140.620756,4787.298018
16.065845,12.185864,140.251631,4791.571190
16.097198,12.172297,139.871690,4795.962590
16.128551,12.158798,139.492164,4800.342084
16.159905,12.145377,139.113051,4804.709686
16.191258,12.132052,138.734347,4809.065407
16.222611,12.118833,138.356051,4813.409261
16.253965,12.105708,137.978157,4817.741261
16.285318,12.092681,137.600664,4822.061419
16.316671,12.079751,137.223567,4826.369747
16.348025,12.066919,136.846864,4830.666258
16.379438,12.054158,136.469827,4834.959199
16.410852,12.041488,136.093179,4839.240301
16.442266,12.028904,135.716916,4843.509578
16.473680,12.016401,135.341036,4847.767041
16.505093,12.003997,134.965536,4852.012702
16.536507,11.991659,134.590414,4856.246573
16.567921,11.979380,134.215667,4860.468666
16.599334,11.967154,133.841294,4864.678993
16.630748,11.954974,133.467292,4868.877565
16.662807,11.942585,133.085992,4873.150273
16.694866,11.930232,132.705076,4877.410763
16.726925,11.917913,132.324546,4881.659047
16.758984,11.905623,131.944399,4885.895138
16.791043,11.893375,131.564635,4890.119048
16.823102,11.881164,131.185253,4894.330790
16.855161,11.868981,130.806253,4898.530374
16.887219,11.856828,130.427633,4902.717815
16.919278,11.844709,130.049392,4906.893124
16.952440,11.832211,129.658539,4911.199310
16.985602,11.819756,129.268090,4915.492542
17.018764,11.807351,128.878044,4919.772832
17.051926,11.794999,128.488399,4924.040195
17.085087,11.782712,128.099153,4928.294643
17.118249,11.770506,127.710304,4932.536189
17.151411,11.758367,127.321849,4936.764847
17.184573,11.746299,126.933787,4940.980629
17.217734,11.734306,126.546114,4945.183550
17.251388,11.722214,126.153084,4949.435702
17.285042,11.710202,125.760450,4953.674635
17.318696,11.698270,125.368209,4957.900360
17.352350,11.686418,124.976358,4962.112891
17.386004,11.674645,124.584894,4966.312242
17.419658,11.662968,124.193815,4970.498425
17.453312,11.651362,123.803117,4974.671453
17.486965,11.639825,123.412799,4978.831339
17.520619,11.628353,123.022858,4982.978095
17.554765,11.616775,122.627600,4987.172056
17.588911,11.605256,122.232726,4991.352527
17.623057,11.593791,121.838234,4995.519521
17.657202,11.582375,121.444123,4999.673051
17.691348,11.571007,121.050390,5003.813131
17.725494,11.559700,120.657034,5007.939773
17.759640,11.548436,120.264054,5012.052990
17.793785,11.537330,119.871446,5016.152794
17.827931,11.526323,119.479205,5020.239199
17.862632,11.515162,119.080958,5024.378355
17.897334,11.504021,118.683087,5028.503698
17.932035,11.492900,118.285593,5032.615240
17.966736,11.481793,117.888474,5036.712996
18.001437,11.470700,117.491731,5040.796978
18.036138,11.459639,117.095363,5044.867198
18.070839,11.448598,116.699369,5048.923671
18.105540,11.437583,116.303750,5052.966409
18.140242,11.426592,115.908504,5056.995425
18.174943,11.415637,115.513630,5061.010732
18.209644,11.404720,115.119128,5065.012342
18.244345,11.393849,114.724996,5069.000270
18.279046,11.383030,114.331232,5072.974527
18.313747,11.372269,113.937835,5076.935126
18.348449,11.361583,113.544802,5080.882080
18.383150,11.350969,113.152130,5084.815402
18.417851,11.340430,112.759818,5088.735104
18.452552,11.329964,112.367862,5092.641199
18.487253,11.319575,111.976259,5096.533698
18.521954,11.309264,111.585008,5100.412614
18.556655,11.299031,111.194104,5104.277960
18.595156,11.287767,110.760804,5108.550658
18.633657,11.276595,110.327925,5112.806682
18.672157,11.265521,109.895464,5117.046048
18.710658,11.254536,109.463417,5121.268772
18.749159,11.243628,109.031780,5125.474869
18.787659,11.232791,108.600551,5129.664357
18.826160,11.222018,108.169727,5133.837249
18.864660,11.211305,107.739306,5137.993562
18.903161,11.200644,107.309286,5142.133312
18.941662,11.190031,106.879664,5146.256513
18.980162,11.179463,106.450441,5150.363181
19.018663,11.168949,106.021613,5154.453332
19.057163,11.158471,105.593178,5158.526979
19.095664,11.148028,105.165137,5162.584140
19.134165,11.137619,104.737488,5166.624828
19.173494,11.127020,104.301037,5170.735499
19.212823,11.116459,103.864993,5174.829012
19.252153,11.105934,103.429354,5178.905384
19.291482,11.095450,102.994118,5182.964631
19.330811,11.085018,102.559285,5187.006768
19.370141,11.074640,102.124853,5191.031811
19.409470,11.064312,101.690818,5195.039776
19.448799,11.054038,101.257180,5199.030678
19.488129,11.043822,100.823936,5203.004534
19.528040,11.033517,100.384676,5207.019841
19.567952,11.023279,99.945816,5211.017624
19.607864,11.013109,99.507355,5214.997900
19.647776,11.003010,99.069289,5218.960684
19.687688,10.992997,98.631616,5222.905991
19.727600,10.983057,98.194332,5226.833838
19.767512,10.973190,97.757435,5230.744240
19.807424,10.963394,97.320920,5234.637212
19.847336,10.953670,96.884787,5238.512770
19.888222,10.943779,96.438399,5242.464891
19.929108,10.933959,95.992404,5246.398768
19.969994,10.924206,95.546800,5250.314419
20.010880,10.914524,95.101583,5254.211859
20.051766,10.904910,94.656752,5258.091103
20.092653,10.895354,94.212304,5261.952167
20.133539,10.885853,93.768235,5265.795068
20.174425,10.876403,93.324545,5269.619820
20.215311,10.867002,92.881232,5273.426439
20.257050,10.857454,92.429057,5277.293775
20.298789,10.847953,91.977270,5281.142246
20.340528,10.838497,91.525870,5284.971868
20.382267,10.829098,91.074854,5288.782656
20.424006,10.819741,90.624221,5292.574628
20.465745,10.810428,90.173969,5296.347799
20.507484,10.801159,89.724096,5300.102184
20.549223,10.791933,89.274600,5303.837800
20.590963,10.782753,88.825481,5307.554663
20.634173,10.773298,88.360921,5311.382827
20.677384,10.763895,87.896759,5315.190926
20.720594,10.754552,87.432994,5318.978976
20.763805,10.745269,86.969623,5322.746996
20.807016,10.736042,86.506643,5326.495001
20.850226,10.726874,86.044053,5330.223010
20.893437,10.717766,85.581848,5333.931037
20.936647,10.708718,85.120028,5337.619101
20.979858,10.699733,84.658589,5341.287218
21.024564,10.690503,84.181580,5345.061290
21.069270,10.681345,83.704974,5348.814047
21.113976,10.672263,83.228767,5352.545505
21.158681,10.663248,82.752955,5356.255683
21.203387,10.654300,82.277536,5359.944598
21.248093,10.645418,81.802507,5363.612267
21.292799,10.636600,81.327865,5367.258709
21.337505,10.627845,80.853607,5370.883940
21.382211,10.619152,80.379731,5374.487978
21.427863,10.610337,79.896217,5378.146429
21.473515,10.601594,79.413095,5381.782817
21.519167,10.592909,78.930363,5385.397157
21.564819,10.584281,78.448016,5388.989469
21.610470,10.575707,77.966054,5392.559770
21.656122,10.567187,77.484474,5396.108077
21.701774,10.558719,77.003273,5399.634408
21.747426,10.550302,76.522448,5403.138779
21.793078,10.541934,76.041999,5406.621208
21.838667,10.533636,75.562588,5410.076926
21.884255,10.525388,75.083547,5413.510797
21.929844,10.517188,74.604872,5416.922837
21.975433,10.509037,74.126562,5420.313063
22.021021,10.500933,73.648615,5423.681493
22.066610,10.492879,73.171028,5427.028141
22.112198,10.484874,72.693800,5430.353025
22.157787,10.476918,72.216928,5433.656161
22.203375,10.469015,71.740410,5436.937566
22.248026,10.461331,71.274038,5440.130405
22.292677,10.453696,70.808000,5443.302429
22.337327,10.446110,70.342295,5446.453651
22.381978,10.438576,69.876921,5449.584086
22.426628,10.431092,69.411875,5452.693749
22.471279,10.423660,68.947156,5455.782655
22.522913,10.415130,68.410163,5459.328769
22.574546,10.406670,67.873600,5462.847168
22.626179,10.398285,67.337463,5466.337873
22.677813,10.389971,66.801748,5469.800906
22.729446,10.381724,66.266452,5473.236289
22.781080,10.373544,65.731572,5476.644044
22.829062,10.366002,65.234884,5479.786072
22.877044,10.358516,64.738550,5482.904277
22.925026,10.351087,64.242566,5485.998675
22.973009,10.343714,63.746931,5489.069283
23.020991,10.336400,63.251640,5492.116118
23.068973,10.329144,62.756692,5495.139196
23.120210,10.321456,62.228545,5498.341125
23.171447,10.313828,61.700783,5501.516003
23.222684,10.306258,61.173402,5504.663851
23.273921,10.298745,60.646399,5507.784686
23.325158,10.291289,60.119772,5510.878530
23.376395,10.283888,59.593518,5513.945400
23.422634,10.277256,59.118913,5516.689986
23.468873,10.270675,58.644608,5519.412634
23.515112,10.264138,58.170600,5522.113357
23.561352,10.257645,57.696887,5524.792169
23.607591,10.251195,57.223467,5527.449084
23.653830,10.244789,56.750338,5530.084115
23.703264,10.237988,56.244848,5532.876977
23.752697,10.231237,55.739686,5535.644859
23.802130,10.224534,55.234849,5538.387776
23.851563,10.217880,54.730337,5541.105746
23.900997,10.211280,54.226145,5543.798785
23.950430,10.204730,53.722272,5546.466907
24.008010,10.197162,53.135761,5549.543338
24.065590,10.189661,52.549675,5552.586010
24.123170,10.182226,51.964010,5555.594947
24.180749,10.174855,51.378763,5558.570174
24.238329,10.167550,50.793931,5561.511714
24.295909,10.160310,50.209510,5564.419592
24.345620,10.154115,49.705280,5566.903033
24.395331,10.147978,49.201351,5569.361415
24.445043,10.141891,48.697721,5571.794754
24.494754,10.135854,48.194386,5574.203064
24.544465,10.129866,47.691344,5576.586360
24.594176,10.123928,47.188593,5578.944656
24.643882,10.118039,46.686180,5581.277738
24.693589,10.112200,46.184052,5583.585853
24.743295,10.106410,45.682209,5585.869017
24.793001,10.100668,45.180646,5588.127243
24.842708,10.094975,44.679362,5590.360545
24.892414,10.089333,44.178355,5592.568937
24.946613,10.083235,43.632377,5594.948554
25.000811,10.077193,43.086723,5597.298589
25.055010,10.071205,42.541388,5599.619059
25.109209,10.065270,41.996370,5601.909981
25.163408,10.059388,41.451666,5604.171372
25.217607,10.053559,40.907274,5606.403249
25.267143,10.048276,40.409988,5608.417306
25.316678,10.043037,39.912959,5610.406735
25.366214,10.037840,39.416183,5612.371550
25.415750,10.032690,38.919658,5614.311763
25.465286,10.027582,38.423383,5616.227386
25.514821,10.022516,37.927355,5618.118432
25.578716,10.016043,37.287903,5620.521367
25.642611,10.009639,36.648854,5622.883456
25.706506,10.003304,36.010205,5625.204727
25.770401,9.997034,35.371952,5627.485204
25.834296,9.990830,34.734089,5629.724912
25.898191,9.984692,34.096613,5631.923876
25.945791,9.980162,33.621957,5633.535589
25.993392,9.975671,33.147511,5635.124713
26.040992,9.971218,32.673275,5636.691258
26.088592,9.966804,32.199246,5638.235235
26.136193,9.962428,31.725422,5639.756652
26.183793,9.958091,31.251801,5641.255520
26.241004,9.952929,30.682823,5643.027188
26.298215,9.947822,30.114133,5644.766312
26.355426,9.942772,29.545729,5646.472909
26.412637,9.937775,28.977606,5648.146995
26.469848,9.932834,28.409763,5649.788586
26.527059,9.927948,27.842196,5651.397698
26.574700,9.923921,27.369777,5652.712873
26.622341,9.919933,26.897546,5654.005546
26.669982,9.915984,26.425500,5655.275726
26.717623,9.912073,25.953638,5656.523422
26.765264,9.908201,25.481958,5657.748642
26.812905,9.904366,25.010459,5658.951395
26.867251,9.900037,24.472811,5660.296022
26.921598,9.895756,23.935392,5661.611435
26.975945,9.891524,23.398201,5662.897647
27.030292,9.887338,22.861235,5664.154671
27.084638,9.883201,22.324490,5665.382518
27.138985,9.879109,21.787965,5666.581202
27.186681,9.875557,21.317273,5667.609184
27.234378,9.872040,20.846746,5668.614721
27.282074,9.868558,20.376384,5669.597819
27.329771,9.865111,19.906184,5670.558486
27.377467,9.861699,19.436144,5671.496730
27.425164,9.858322,18.966263,5672.412559
27.478475,9.854587,18.441254,5673.409680
27.531786,9.850896,17.916440,5674.378818
27.585098,9.847245,17.391818,5675.319983
27.638409,9.843636,16.867386,5676.233184
27.691720,9.840067,16.343142,5677.118432
27.745032,9.836538,15.819084,5677.975737
27.798343,9.833049,15.295210,5678.805109
27.851655,9.829599,14.771519,5679.606557
27.904966,9.826188,14.248007,5680.380091
27.959953,9.822710,13.708229,5681.148702
28.014939,9.819272,13.168638,5681.887637
28.069926,9.815873,12.629233,5682.596906
28.124913,9.812514,12.090010,5683.276521
28.179900,9.809194,11.550968,5683.926490
28.234886,9.805911,11.012105,5684.546824
28.282124,9.803121,10.549326,5685.056077
28.329361,9.800358,10.086675,5685.543472
28.376599,9.797622,9.624153,5686.009016
28.423836,9.794913,9.161757,5686.452715
28.471074,9.792230,8.699487,5686.874574
28.518311,9.789572,8.237342,5687.274600
28.570112,9.786687,7.730694,5687.688176
28.621912,9.783831,7.224193,5688.075512
28.673713,9.781004,6.717838,5688.436614
28.725513,9.778204,6.211626,5688.771491
28.777314,9.775432,5.705557,5689.080149
28.829115,9.772686,5.199629,5689.362596
28.880915,9.769965,4.693841,5689.618839
28.932716,9.767269,4.188191,5689.848886
28.984516,9.764596,3.682679,5690.052743
29.036317,9.761945,3.177304,5690.230418
29.088118,9.759316,2.672064,5690.381918
29.139918,9.756707,2.166958,5690.507250
29.191719,9.754117,1.661986,5690.606420
29.243520,9.751545,1.157146,5690.679436
29.295320,9.748990,0.652438,5690.726304
29.347121,9.746450,0.147861,5690.747031
29.362304,9.745708,-0.000013,5690.748154
29.371429,9.745263,-0.088871,5690.747748
29.372330,9.745219,-0.097648,5690.747660
29.373231,9.745175,-0.106426,5690.747564
29.382403,9.744727,-0.195740,5690.746179
29.391575,9.744279,-0.285050,5690.743974
29.400746,9.743832,-0.374356,5690.740950
29.428840,9.742471,-0.647881,5690.726591
29.456934,9.741111,-0.921369,5690.704548
29.485027,9.739754,-1.194819,5690.674822
29.513121,9.738401,-1.468231,5690.637414
29.556380,9.736323,-1.889166,5690.564794
29.599640,9.734252,-2.310012,5690.473967
29.642899,9.732186,-2.730770,5690.364936
29.686159,9.730124,-3.151438,5690.237705
29.729418,9.728065,-3.572018,5690.092277
29.793192,9.725036,-4.191882,5689.844709
29.856966,9.722009,-4.811554,5689.557615
29.920740,9.718979,-5.431034,5689.231009
29.984514,9.715946,-6.050321,5688.864902
30.048288,9.712907,-6.669414,5688.459307
30.112062,9.709859,-7.288313,5688.014236
30.164471,9.707347,-7.796766,5687.618945
30.216879,9.704827,-8.305087,5687.197010
30.269287,9.702298,-8.813275,5686.748438
30.321695,9.699758,-9.321331,5686.273236
30.374103,9.697206,-9.829252,5685.771412
30.421815,9.694870,-10.291540,5685.291414
30.469527,9.692521,-10.753715,5684.789361
30.517238,9.690160,-11.215778,5684.265260
30.564950,9.687784,-11.677727,5683.719117
30.612662,9.685393,-12.139562,5683.150935
30.687269,9.681624,-12.861504,5682.218307
30.761875,9.677812,-13.583162,5681.231828
30.836482,9.673948,-14.304534,5680.191518
30.871429,9.672121,-14.642327,5679.685727
30.875084,59.891735,-14.616943,5679.632301
30.878739,59.465040,-14.591836,5679.578967
30.886049,58.622248,-14.542165,5679.472481
30.893359,57.797302,-14.493573,5679.366355
30.900669,56.989704,-14.446035,5679.260579
30.948295,52.121810,-14.160740,5678.579551
30.995921,47.854285,-13.913771,5677.911163
31.043547,44.093119,-13.700503,5677.253716
31.091173,40.761806,-13.516998,5676.605702
31.164582,36.327183,-13.284767,5675.622296
31.237991,32.587406,-13.105235,5674.653948
31.311400,29.406315,-12.970304,5673.697110
31.384809,26.679078,-12.873344,5672.748745
31.458218,24.324577,-12.808963,5671.806273
31.577303,21.139378,-12.762659,5670.284331
31.696387,18.567788,-12.775481,5668.764273
31.815472,16.464646,-12.835719,5667.239741
31.934557,14.725812,-12.934413,5665.705668
32.053641,13.274155,-13.064414,5664.157918
32.172726,12.051602,-13.219940,5662.593114
32.363869,10.460693,-13.511404,5660.039087
32.555012,9.214668,-13.841190,5657.425467
32.746155,8.221378,-14.197437,5654.746109
32.937298,7.415840,-14.570845,5651.996890
33.128441,6.751249,-14.953958,5649.175262
33.319584,6.193405,-15.340733,5646.279969
33.628741,5.455342,-15.961843,5641.440957
33.937899,4.859044,-16.563755,5636.412519
34.247056,4.358878,-17.135107,5631.202470
34.556214,3.926603,-17.668286,5625.821549
34.865371,3.544797,-18.158667,5620.282319
35.174528,3.202720,-18.604064,5614.598413
35.673575,2.718287,-19.227918,5605.153660
36.172623,2.303748,-19.740075,5595.425792
36.671670,1.949147,-20.151966,5585.467871
37.170717,1.647069,-20.477448,5575.326575
37.669764,1.391014,-20.730657,5565.041444
38.168811,1.174949,-20.924873,5554.645193
38.788125,0.954060,-21.101336,5541.628266
39.407439,0.776587,-21.223442,5528.519731
40.026752,0.634316,-21.305843,5515.348533
40.646066,0.520392,-21.359603,5502.135680
41.265380,0.429205,-21.392895,5488.896200
42.038283,0.340546,-21.414611,5472.351837
42.811187,0.273413,-21.421841,5455.796761
43.584091,0.222572,-21.419916,5439.240137
44.356994,0.184107,-21.412067,5422.687450
45.202857,0.152698,-21.399244,5404.580997
46.048720,0.129612,-21.383805,5386.486631
46.894583,0.112672,-21.366800,5368.406038
47.740446,0.100252,-21.348865,5350.340219
49.201128,0.086140,-21.316849,5319.179672
50.661810,0.077802,-21.284456,5288.066645
52.122492,0.072841,-21.251811,5257.001132
53.583174,0.069846,-21.218975,5225.982979
55.218938,0.067819,-21.182446,5191.303413
56.854702,0.066699,-21.146303,5156.683418
58.490467,0.066043,-21.110455,5122.122478
59.612512,0.065716,-21.085959,5098.449393
60.734558,0.065443,-21.061532,5074.803684
61.856604,0.065226,-21.037223,5051.185299
62.667941,0.065096,-21.019729,5034.124121
63.479278,0.064982,-21.002297,5017.077118
64.290614,0.065142,-20.984795,5000.044307
65.129641,0.065556,-20.966483,4982.445211
65.968667,0.065980,-20.948021,4964.861507
66.807694,0.066351,-20.929522,4947.293300
68.342397,0.066823,-20.895746,4915.198617
69.877100,0.067112,-20.862204,4883.155749
71.411803,0.067240,-20.828826,4851.164269
72.946506,0.067227,-20.795544,4819.223756
73.752848,0.067198,-20.778154,4802.462428
74.559189,0.067163,-20.760853,4785.715119
75.365530,0.067119,-20.743611,4768.981743
76.171250,0.067067,-20.726437,4752.275118
76.976970,0.067010,-20.709318,4735.582307
77.782690,0.066950,-20.692257,4718.903266
78.767140,0.066872,-20.671487,4698.543015
79.751589,0.066792,-20.650802,4678.203169
80.736038,0.066710,-20.630199,4657.883646
82.182166,0.066588,-20.600084,4628.071520
83.628293,0.066464,-20.570146,4598.302817
85.074421,0.066340,-20.540381,4568.577283
88.783844,0.066027,-20.464830,4492.524491
92.493267,0.065737,-20.390471,4416.750066
93.420623,0.065659,-20.372020,4397.849495
94.347979,0.065571,-20.353589,4378.965931
95.275335,0.065488,-20.335242,4360.099404
96.071553,0.065421,-20.319563,4343.914342
96.278297,0.065404,-20.315501,4339.713812
96.485042,0.064581,-20.311436,4335.514122
96.691786,0.062694,-20.307353,4331.315275
97.046014,0.060098,-20.300315,4324.123080
97.400243,0.058192,-20.293231,4316.933387
97.754471,0.056845,-20.286108,4309.746210
98.445116,0.055376,-20.272153,4295.740548
99.135761,0.054890,-20.258139,4281.744542
99.826406,0.054918,-20.244099,4267.758220
100.999537,0.055386,-20.220244,4244.023205
102.172669,0.055903,-20.196453,4220.316130
103.345801,0.056321,-20.172768,4196.636913
104.518933,0.056622,-20.149193,4172.985429
105.840803,0.056831,-20.122760,4146.368302
107.162672,0.056937,-20.096462,4119.786030
108.484542,0.056971,-20.070301,4093.238430
109.806412,0.056957,-20.044277,4066.725320
112.250021,0.056851,-19.996523,4017.803391
114.693630,0.056702,-19.949225,3968.997597
117.137238,0.056538,-19.902374,3920.306833
119.580847,0.056370,-19.855963,3871.730015
123.763922,0.056077,-19.777515,3788.835576
127.946996,0.055785,-19.700299,3706.266713
128.027935,0.055780,-19.698817,3704.672311
128.189813,0.057374,-19.695825,3701.483992
128.351691,0.061079,-19.692769,3698.296169
128.732655,0.069595,-19.685418,3690.795335
129.113619,0.077284,-19.677791,3683.297351
129.494583,0.084121,-19.669961,3675.802310
130.683936,0.100453,-19.644687,3652.422645
131.873288,0.111269,-19.619043,3629.073553
133.062641,0.118305,-19.593322,3605.755192
134.251994,0.122751,-19.567483,3582.467277
135.724308,0.126106,-19.535627,3553.681115
137.196622,0.127900,-19.504090,3524.941603
138.668936,0.128832,-19.472878,3496.248406
140.092893,0.129288,-19.442914,3468.541260
141.516850,0.129480,-19.413104,3440.876659
142.940807,0.129506,-19.383451,3413.254343
144.385459,0.129432,-19.353561,3385.273564
145.830111,0.129302,-19.323878,3357.335833
147.274763,0.129140,-19.294389,3329.440866
148.729987,0.128955,-19.264861,3301.384704
150.185211,0.128759,-19.235505,3273.371375
151.640435,0.128556,-19.206327,3245.400627
155.014226,0.128078,-19.139384,3180.715453
158.388017,0.127606,-19.073456,3116.254714
159.231465,0.130977,-19.056865,3100.174376
160.074912,0.137927,-19.039628,3084.108267
160.918360,0.143175,-19.021764,3068.056868
162.212663,0.148684,-18.993844,3043.454720
163.506967,0.152015,-18.965871,3018.888615
164.801270,0.154023,-18.938178,2994.358722
166.336208,0.155357,-18.905658,2965.314810
167.871145,0.155981,-18.873311,2936.320796
169.406083,0.156208,-18.841075,2907.376232
170.975329,0.156214,-18.808310,2877.835561
172.544575,0.156097,-18.775828,2848.346072
174.113822,0.155913,-18.743638,2818.907420
175.550602,0.155709,-18.714366,2791.998011
176.987382,0.155483,-18.685244,2765.130534
178.424162,0.155242,-18.656280,2738.304744
179.196599,0.155111,-18.640788,2723.899929
179.969035,0.154979,-18.625355,2709.507066
180.741471,0.154847,-18.609974,2695.126105
182.059249,0.154619,-18.583848,2670.619515
183.377026,0.154392,-18.557869,2646.147256
184.694804,0.154164,-18.532036,2621.709135
187.024013,0.153765,-18.486730,2578.597023
187.606316,0.153665,-18.475472,2567.835436
188.188618,0.153566,-18.464241,2557.080396
188.770920,0.146225,-18.453125,2546.331860
189.353223,0.129406,-18.442367,2535.589701
190.080667,0.114283,-18.429484,2522.178653
190.808112,0.103762,-18.416851,2508.776887
191.535557,0.096418,-18.404273,2495.384207
192.263002,0.091342,-18.391763,2482.000649
193.714120,0.085405,-18.366946,2455.330088
195.165238,0.082389,-18.342183,2428.695485
196.616356,0.080773,-18.317461,2402.096677
198.067474,0.079877,-18.292897,2375.533652
199.583935,0.079320,-18.267422,2347.812555
201.100397,0.078974,-18.242059,2320.130051
202.616859,0.078724,-18.216770,2292.485883
203.374603,0.078619,-18.204179,2278.686984
203.742857,0.078571,-18.198076,2271.984350
203.878075,0.078554,-18.195838,2269.523955
204.013292,0.078538,-18.193602,2267.063862
205.242857,0.078399,-18.173315,2244.706117
205.244710,61.347163,-18.059655,2244.672655
205.246563,60.502834,-17.947560,2244.639400
205.250269,58.852618,-17.726428,2244.573301
205.253974,57.266774,-17.511291,2244.508010
205.257680,55.741999,-17.301918,2244.443506
205.275159,49.288321,-16.386147,2244.149288
205.292638,43.856179,-15.573663,2243.870125
205.310117,39.242078,-14.848667,2243.604375
205.327596,35.290073,-14.198310,2243.350627
205.353972,30.318976,-13.335298,2242.987790
205.380347,26.279567,-12.590557,2242.646103
205.406723,22.954285,-11.942688,2242.322756
205.433099,20.184367,-11.374893,2242.015405
205.459475,17.853467,-10.874150,2241.722121
205.505373,14.595732,-10.132929,2241.240599
205.551271,12.088758,-9.523334,2240.789977
205.597169,10.119079,-9.015522,2240.364866
205.643067,8.546425,-8.588540,2239.961140
205.688965,7.273018,-8.226580,2239.575476
205.734863,6.229222,-7.917552,2239.205166
205.809592,4.896421,-7.504473,2238.629552
205.884321,3.893317,-7.177900,2238.081419
205.959051,3.124131,-6.917025,2237.555119
206.033780,2.525464,-6.706943,2237.046342
206.108509,2.053734,-6.536627,2236.551719
206.183238,1.678282,-6.397805,2236.068603
206.303524,1.222634,-6.225119,2235.309978
206.423809,0.897394,-6.098790,2234.569151
206.544094,0.662684,-6.005890,2233.841419
206.664380,0.491779,-5.937236,2233.123339
206.784665,0.366443,-5.886272,2232.412393
206.957330,0.241815,-5.834945,2231.400762
207.129994,0.161389,-5.801288,2230.396402
207.302659,0.109422,-5.779071,2229.396795
207.475324,0.076075,-5.764314,2228.400317
207.647988,0.055171,-5.754499,2227.405933
207.873068,0.039833,-5.746424,2226.111722
208.098147,0.032301,-5.741558,2224.818926
208.323226,0.028695,-5.738522,2223.526973
208.548305,0.026952,-5.736609,2222.235570
208.787170,0.025979,-5.735279,2220.865449
209.026036,0.025424,-5.734390,2219.495604
209.264901,0.025065,-5.733729,2218.125947
209.504090,0.024815,-5.733179,2216.754572
209.743279,0.024636,-5.732696,2215.383317
209.982469,0.024505,-5.732252,2214.012173
210.221557,0.024409,-5.731833,2212.641706
211.439201,0.024137,-5.729790,2205.663605
212.656844,0.024080,-5.727822,2198.687941
213.874488,0.024083,-5.725860,2191.714682
217.140985,0.024070,-5.720586,2173.019780
220.407481,0.024061,-5.715325,2154.342084
223.673978,0.024043,-5.710084,2135.681537
231.197378,0.023993,-5.698087,2092.767299
238.720779,0.023941,-5.686190,2049.942896
240.297529,0.023930,-5.683710,2040.979142
241.874280,0.023919,-5.681234,2032.019298
243.157826,0.023895,-5.679211,2024.728475
243.298345,0.024109,-5.678979,2023.930451
243.438865,0.024680,-5.678737,2023.132460
243.579384,0.025429,-5.678486,2022.334505
243.860424,0.027057,-5.677967,2020.738701
244.141463,0.028506,-5.677434,2019.143046
244.422502,0.029652,-5.676892,2017.547541
245.123226,0.031219,-5.675526,2013.570080
245.823951,0.031781,-5.674161,2009.593574
246.524675,0.032088,-5.672805,2005.618024
247.225399,0.032319,-5.671452,2001.643426
248.616026,0.032518,-5.668765,1993.758422
250.006652,0.032590,-5.666081,1985.877151
251.397279,0.032595,-5.663402,1977.999608
255.794721,0.032562,-5.654966,1953.113645
260.192163,0.032497,-5.646581,1928.264651
264.589605,0.032442,-5.638245,1903.452418
272.829517,0.032351,-5.622757,1857.057340
281.069430,0.032262,-5.607438,1810.789112
289.309343,0.032174,-5.592286,1764.646403
303.714759,0.032022,-5.566186,1684.275591
318.120175,0.031873,-5.540569,1604.277728
325.265512,0.031800,-5.528037,1564.733247
328.698369,0.031766,-5.522056,1545.766528
332.131226,0.031731,-5.516101,1526.820297
332.324200,0.026992,-5.515772,1525.755865
332.517174,0.023856,-5.515446,1524.691495
332.710148,0.022068,-5.515122,1523.627189
333.096096,0.020970,-5.514474,1521.498763
333.482044,0.021306,-5.513827,1519.370587
333.867992,0.021884,-5.513180,1517.242662
334.501692,0.022463,-5.512117,1513.749297
335.135392,0.022689,-5.511053,1510.256607
335.769092,0.022838,-5.509991,1506.764590
336.402792,0.022964,-5.508930,1503.273246
337.887623,0.023088,-5.506447,1495.095257
339.372454,0.023126,-5.503968,1486.920951
340.857286,0.023124,-5.501495,1478.750321
342.181622,0.023129,-5.499292,1471.465936
